customer_id,membership_tier,member_join_date,gender,birth_date,acquisition_source,country
U_1,Bronze,2020-07-04 08:39:27,M,1978-08-14,Retail,HK
U_2,Silver,2020-11-23 11:01:06,M,1973-12-06,Campaign,US
U_3,Bronze,2021-05-16 11:08:59,F,1975-08-29,Online,US
U_4,Gold,2021-10-20 08:22:12,M,1964-12-14,Retail,HK
U_5,Bronze,2021-07-13 19:05:43,F,1982-11-03,Referral,US
U_6,Silver,2022-01-29 01:09:18,F,1966-05-15,Online,HK
U_7,Silver,2020-10-08 10:57:49,F,1975-07-20,Retail,HK
U_8,Silver,2023-12-30 08:54:49,M,1951-04-26,Online,EU
U_9,Gold,2022-03-14 03:15:42,F,1963-03-11,Retail,EU
U_10,Silver,2021-08-30 04:47:19,M,1987-08-31,Retail,HK
U_11,Bronze,2023-08-18 06:19:42,F,1979-02-14,Campaign,EU
U_12,Bronze,2019-09-14 00:34:35,M,1982-07-23,Online,EU
U_13,Silver,2023-04-27 08:58:55,M,2005-05-05,Online,HK
U_14,Silver,2019-11-12 23:46:27,F,1988-02-01,Online,HK
U_15,Bronze,2022-09-29 16:49:01,M,2002-12-31,Online,US
U_16,Silver,2019-12-10 07:13:00,M,1978-06-10,Retail,GB
U_17,Gold,2022-04-02 12:46:18,F,1993-07-24,Retail,HK
U_18,Silver,2019-10-27 14:13:23,F,1996-10-03,Online,JP
U_19,Bronze,2020-09-29 08:38:04,U,2005-11-07,Online,US
U_20,Silver,2023-08-10 10:02:13,M,1978-07-30,Referral,HK
U_21,Bronze,2020-04-03 05:01:13,F,1986-04-02,Online,GB
U_22,Bronze,2019-10-28 12:55:12,F,1994-01-16,Online,US
U_23,Bronze,2022-08-07 06:57:01,F,1975-02-13,Online,HK
U_24,Silver,2020-03-17 10:09:55,M,1981-10-30,Retail,US
U_25,Gold,2020-02-20 06:20:41,F,1971-05-04,Retail,HK
U_26,Silver,2022-11-14 00:14:30,F,1976-05-03,Retail,HK
U_27,Silver,2019-10-12 15:24:59,M,2002-10-06,Online,US
U_28,Gold,2023-02-20 08:25:00,F,1958-02-20,Online,HK
U_29,Gold,2021-12-23 04:36:35,M,1970-04-30,Referral,US
U_30,Bronze,2019-11-22 00:11:03,F,1951-02-11,Referral,HK
U_31,Bronze,2019-09-06 21:01:16,M,1971-02-16,Retail,US
U_32,Gold,2020-03-05 15:32:26,M,1974-12-01,Online,US
U_33,Bronze,2019-07-12 04:42:21,M,1973-09-20,Online,HK
U_34,Gold,2019-08-08 18:50:17,F,2000-05-26,Retail,GB
U_35,Silver,2022-05-25 19:40:32,F,1984-07-01,Retail,HK
U_36,Bronze,2019-09-23 17:07:42,F,1980-06-19,Online,US
U_37,Silver,2021-05-09 19:34:22,M,1956-03-02,Referral,HK
U_38,Silver,2021-04-17 13:15:19,M,1994-10-16,Retail,HK
U_39,Bronze,2023-08-11 00:46:11,M,1957-03-30,Retail,HK
U_40,Silver,2023-11-30 06:16:22,U,1955-03-13,Campaign,US
U_41,Silver,2020-06-23 19:07:59,M,1986-01-06,Online,HK
U_42,Silver,2023-06-05 17:36:42,M,1999-02-13,Campaign,GB
U_43,Bronze,2021-12-09 17:19:50,F,2005-04-03,Online,HK
U_44,Bronze,2020-06-06 04:24:15,F,1992-06-01,Retail,EU
U_45,Bronze,2022-01-02 21:03:48,F,1996-03-31,Campaign,US
U_46,Gold,2020-06-17 07:09:13,M,1988-02-25,Online,EU
U_47,Silver,2022-10-06 03:18:55,F,1979-07-25,Campaign,HK
U_48,Silver,2023-07-23 19:01:29,M,2000-03-01,Online,HK
U_49,Silver,2023-12-08 04:59:57,F,1951-10-18,Campaign,HK
U_50,Silver,2021-07-04 20:57:19,F,2004-01-19,Online,JP
U_51,Silver,2020-11-24 08:19:25,F,1978-01-05,Referral,HK
U_52,Silver,2020-10-26 18:32:54,M,1958-12-21,Online,EU
U_53,Bronze,2022-11-18 10:24:58,F,1990-07-28,Online,JP
U_54,Gold,2023-08-25 11:25:55,F,1987-08-19,Online,EU
U_55,Silver,2023-02-10 01:04:14,M,1996-06-27,Online,HK
U_56,Silver,2022-04-16 04:33:34,M,1962-10-25,Online,HK
U_57,Gold,2019-08-29 01:21:26,M,2003-05-16,Retail,HK
U_58,Bronze,2021-06-11 07:24:49,M,1981-01-19,Online,EU
U_59,Bronze,2021-05-12 09:11:05,F,1961-08-20,Online,HK
U_60,Bronze,2020-04-24 02:49:14,F,1964-01-04,Online,HK
U_61,Bronze,2021-08-30 23:36:13,F,1953-09-11,Retail,HK
U_62,Silver,2020-12-04 12:58:33,M,2005-12-05,Online,GB
U_63,Bronze,2023-06-13 07:08:56,F,1975-03-10,Retail,HK
U_64,Gold,2020-05-24 02:02:04,M,1969-01-08,Online,HK
U_65,Bronze,2021-06-29 11:32:42,M,1990-09-09,Online,HK
U_66,Bronze,2019-07-23 13:00:07,M,1988-07-21,Online,HK
U_67,Bronze,2022-05-27 12:02:05,M,1997-03-17,Referral,HK
U_68,Bronze,2020-03-22 08:32:55,M,1969-07-05,Referral,US
U_69,Bronze,2023-06-29 12:36:19,M,1972-03-22,Retail,US
U_70,Silver,2019-10-30 22:19:50,F,1990-10-16,Online,HK
U_71,Bronze,2021-05-24 16:28:39,M,1970-08-26,Retail,US
U_72,Silver,2021-10-30 10:45:46,M,1974-09-07,Online,US
U_73,Bronze,2020-10-18 17:18:19,F,1954-09-06,Retail,EU
U_74,Gold,2021-01-25 13:30:38,M,2002-02-16,Online,HK
U_75,Silver,2019-07-30 10:55:33,M,1981-03-13,Retail,HK
U_76,Bronze,2019-12-22 18:50:17,F,1995-09-24,Referral,JP
U_77,Bronze,2019-10-09 03:41:02,F,1976-10-10,Retail,HK
U_78,Gold,2021-11-08 05:44:15,M,1986-10-11,Online,US
U_79,Bronze,2020-02-12 00:54:05,M,1974-09-21,Online,HK
U_80,Bronze,2020-02-16 18:26:26,M,2002-03-24,Online,HK
U_81,Bronze,2021-10-29 13:12:23,U,1996-03-19,Online,HK
U_82,Gold,2019-07-19 03:08:36,M,1972-09-26,Online,US
U_83,Gold,2021-02-23 05:28:43,M,1982-12-18,Online,US
U_84,Bronze,2019-09-26 02:30:56,U,1956-10-26,Online,GB
U_85,Bronze,2023-08-26 13:48:34,F,1963-09-24,Campaign,HK
U_86,Bronze,2020-08-07 23:59:51,F,1979-08-27,Referral,US
U_87,Bronze,2021-12-23 19:57:04,M,1986-12-13,Online,JP
U_88,Bronze,2021-05-19 05:52:00,M,1995-01-15,Online,EU
U_89,Gold,2019-12-19 23:33:07,F,1958-12-12,Online,HK
U_90,Bronze,2022-03-26 00:20:58,F,1999-02-14,Retail,HK
U_91,Silver,2020-08-31 10:21:39,F,1966-02-28,Online,HK
U_92,Silver,2021-11-28 06:12:20,F,1951-10-05,Campaign,US
U_93,Silver,2023-10-21 09:41:46,M,1991-03-20,Retail,HK
U_94,Bronze,2020-10-11 17:49:51,F,1951-01-29,Retail,HK
U_95,Bronze,2021-02-19 04:43:20,M,1950-02-04,Online,JP
U_96,Bronze,2023-06-26 18:24:29,F,1989-01-26,Online,GB
U_97,Bronze,2021-04-20 14:04:26,M,1977-01-07,Online,HK
U_98,Silver,2020-01-11 00:54:10,F,1972-06-15,Online,HK
U_99,Bronze,2023-01-22 05:36:25,F,1983-02-02,Referral,HK
U_100,Silver,2020-06-04 20:24:07,U,1973-01-05,Retail,HK
U_101,Silver,2022-04-05 12:04:29,U,1985-12-02,Online,HK
U_102,Gold,2019-09-03 23:40:35,M,1967-11-06,Retail,HK
U_103,Gold,2019-11-04 05:50:46,M,1976-10-15,Retail,US
U_104,Bronze,2023-09-13 23:57:52,M,1963-07-10,Referral,HK
U_105,Bronze,2021-05-15 09:39:52,F,1987-07-16,Retail,US
U_106,Bronze,2023-12-30 01:38:31,M,1970-11-19,Retail,HK
U_107,Bronze,2019-09-22 14:15:14,M,1967-08-19,Retail,GB
U_108,Bronze,2022-08-19 01:45:38,M,1963-04-16,Referral,HK
U_109,Silver,2020-12-16 22:34:39,F,1959-01-27,Online,HK
U_110,Silver,2020-10-25 15:43:37,F,1977-03-13,Online,JP
U_111,Silver,2023-05-20 15:48:20,U,1959-03-05,Online,GB
U_112,Silver,2023-04-30 09:45:45,F,1995-06-12,Online,HK
U_113,Bronze,2021-12-01 20:09:44,F,2000-06-23,Retail,HK
U_114,Silver,2023-11-18 19:01:43,M,1955-02-09,Online,HK
U_115,Bronze,2023-08-03 23:56:28,M,1985-07-10,Retail,HK
U_116,Silver,2019-11-13 15:03:56,M,1984-07-02,Online,US
U_117,Silver,2021-11-01 23:35:32,M,1966-10-20,Retail,HK
U_118,Bronze,2022-02-06 05:03:33,M,1995-07-11,Retail,HK
U_119,Gold,2020-04-13 09:26:32,F,1964-01-04,Retail,HK
U_120,Silver,2021-12-25 12:20:17,M,1965-10-18,Retail,HK
U_121,Bronze,2023-10-16 13:05:05,F,1958-05-07,Online,HK
U_122,Gold,2021-06-24 09:04:33,F,1967-12-13,Online,HK
U_123,Bronze,2021-10-20 10:35:29,F,1952-06-15,Retail,EU
U_124,Bronze,2023-01-01 22:53:53,F,1992-01-30,Retail,US
U_125,Silver,2021-08-11 07:34:47,F,1989-05-08,Retail,US
U_126,Bronze,2021-10-16 13:46:40,F,1981-09-24,Referral,HK
U_127,Silver,2023-02-15 11:10:26,M,1985-06-23,Retail,EU
U_128,Bronze,2022-08-14 06:06:49,M,1989-02-13,Online,HK
U_129,Bronze,2021-08-02 14:38:43,U,1957-09-14,Retail,HK
U_130,Gold,2020-11-19 22:36:55,M,1976-07-22,Online,US
U_131,Bronze,2023-02-20 05:28:33,M,2005-07-22,Online,EU
U_132,Bronze,2020-03-25 12:10:59,F,1952-07-18,Online,HK
U_133,Bronze,2020-03-10 18:18:51,F,1952-12-03,Referral,HK
U_134,Bronze,2023-08-04 22:10:07,M,1963-07-12,Online,HK
U_135,Bronze,2023-10-13 02:52:35,M,1960-11-21,Retail,HK
U_136,Bronze,2020-08-10 01:58:10,F,1952-03-18,Campaign,HK
U_137,Bronze,2023-06-14 18:48:26,F,1998-09-15,Retail,US
U_138,Bronze,2020-01-29 00:11:41,F,1999-10-18,Referral,EU
U_139,Silver,2020-12-22 19:56:37,M,1968-05-04,Retail,HK
U_140,Gold,2020-02-10 01:47:59,F,1995-03-05,Online,HK
U_141,Silver,2021-06-25 18:09:39,F,1993-10-12,Referral,HK
U_142,Silver,2019-10-06 18:43:07,U,1969-05-30,Retail,EU
U_143,Bronze,2020-08-23 23:30:51,F,1994-09-11,Online,HK
U_144,Bronze,2021-07-22 17:27:10,M,1965-03-24,Campaign,HK
U_145,Silver,2021-10-10 13:11:27,U,1952-10-13,Referral,HK
U_146,Bronze,2021-11-02 21:53:06,M,1979-06-18,Campaign,US
U_147,Bronze,2023-04-05 19:15:25,F,1994-10-11,Online,HK
U_148,Bronze,2019-12-26 08:30:28,F,1996-11-14,Online,HK
U_149,Silver,2022-10-02 00:19:15,U,1991-12-21,Retail,US
U_150,Silver,2019-12-27 05:38:06,M,1970-01-20,Referral,JP
U_151,Silver,2020-08-16 19:31:05,M,1956-09-15,Retail,EU
U_152,Bronze,2020-07-26 12:31:42,M,1961-06-05,Campaign,HK
U_153,Silver,2023-04-13 23:12:08,F,1959-12-27,Retail,EU
U_154,Silver,2023-01-29 16:24:06,F,1977-04-29,Referral,HK
U_155,Bronze,2021-01-08 00:02:40,F,1981-07-18,Campaign,HK
U_156,Bronze,2021-12-15 21:02:54,M,1950-10-02,Retail,US
U_157,Silver,2021-10-22 15:38:35,F,1953-03-26,Online,EU
U_158,Bronze,2021-09-24 14:17:23,F,1963-10-09,Retail,HK
U_159,Bronze,2019-08-04 08:59:31,F,2002-03-08,Retail,JP
U_160,Silver,2020-07-06 15:38:35,M,1975-12-05,Online,HK
U_161,Silver,2022-04-06 04:51:04,F,1954-11-11,Retail,EU
U_162,Silver,2020-01-15 02:45:50,M,1966-01-14,Online,US
U_163,Gold,2021-04-13 04:40:04,M,1994-02-03,Retail,GB
U_164,Bronze,2021-08-26 11:07:54,F,1958-05-25,Retail,HK
U_165,Silver,2023-06-29 13:15:11,M,1982-09-24,Referral,HK
U_166,Silver,2020-12-30 15:33:40,F,1990-12-27,Campaign,HK
U_167,Bronze,2021-03-13 16:16:49,M,1966-06-18,Online,GB
U_168,Silver,2019-10-23 05:58:46,F,1971-06-04,Online,HK
U_169,Bronze,2021-03-25 11:54:15,M,1952-02-09,Referral,US
U_170,Gold,2023-10-01 17:03:17,M,1985-01-11,Retail,HK
U_171,Bronze,2020-10-03 08:22:40,M,1983-11-10,Campaign,US
U_172,Silver,2020-10-06 17:12:29,F,1955-03-11,Online,HK
U_173,Bronze,2021-10-04 14:43:26,F,1971-08-30,Retail,HK
U_174,Bronze,2020-07-15 23:37:03,F,1951-08-05,Campaign,US
U_175,Bronze,2023-06-13 15:23:51,M,1963-12-11,Referral,HK
U_176,Bronze,2021-03-05 12:30:24,F,1986-10-29,Retail,HK
U_177,Bronze,2022-12-27 19:30:26,F,1971-08-08,Retail,US
U_178,Bronze,2022-03-05 15:15:32,F,1978-02-06,Campaign,US
U_179,Bronze,2020-12-02 23:35:27,F,1995-03-19,Retail,US
U_180,Bronze,2022-12-08 06:19:32,F,1986-02-16,Online,HK
U_181,Bronze,2022-02-04 13:03:57,M,1986-12-12,Online,EU
U_182,Bronze,2022-04-15 20:40:36,M,1956-01-16,Online,HK
U_183,Bronze,2021-05-30 13:53:42,F,1953-10-05,Campaign,EU
U_184,Bronze,2023-06-01 06:10:48,F,1978-09-21,Online,HK
U_185,Bronze,2023-05-18 20:49:14,M,1993-06-19,Retail,HK
U_186,Bronze,2023-08-18 20:38:55,F,1968-10-23,Retail,HK
U_187,Silver,2019-09-26 18:42:50,M,1972-05-15,Online,HK
U_188,Gold,2023-03-12 09:51:24,M,1990-11-15,Campaign,HK
U_189,Silver,2023-04-20 03:00:34,M,1977-02-12,Referral,GB
U_190,Bronze,2023-12-02 19:31:33,F,1992-01-23,Retail,HK
U_191,Bronze,2020-03-16 05:24:24,F,1964-07-01,Retail,US
U_192,Bronze,2021-05-14 11:08:42,M,1991-06-21,Retail,JP
U_193,Silver,2020-07-26 11:57:33,F,1964-06-28,Online,GB
U_194,Silver,2021-08-02 23:00:57,F,1971-01-07,Online,JP
U_195,Bronze,2020-02-04 06:55:18,M,1990-10-27,Online,GB
U_196,Bronze,2021-04-25 21:36:16,F,1984-01-05,Online,JP
U_197,Bronze,2022-12-03 05:16:05,M,1999-04-10,Online,GB
U_198,Bronze,2019-12-07 16:23:16,F,1960-01-16,Retail,HK
U_199,Silver,2020-06-05 14:41:21,M,1972-03-01,Online,HK
U_200,Bronze,2021-03-17 23:18:35,M,1989-04-05,Retail,JP
U_201,Bronze,2020-08-03 00:57:24,F,1998-02-23,Online,US
U_202,Bronze,2023-10-29 02:16:34,M,1984-07-17,Online,GB
U_203,Silver,2020-01-10 18:00:25,F,1961-09-25,Online,HK
U_204,Bronze,2020-08-23 02:17:33,F,1980-01-19,Campaign,HK
U_205,Silver,2019-11-22 19:32:35,F,1994-03-08,Online,HK
U_206,Silver,2022-03-09 05:10:01,M,1973-08-16,Online,HK
U_207,Silver,2020-05-08 21:42:05,M,1981-04-06,Online,US
U_208,Gold,2021-08-17 04:41:55,M,1960-09-05,Retail,HK
U_209,Silver,2022-01-20 22:36:50,M,1970-05-27,Online,HK
U_210,Silver,2022-04-20 16:34:04,F,1968-01-15,Online,HK
U_211,Silver,2020-05-15 23:45:38,M,1951-10-12,Online,EU
U_212,Gold,2021-12-25 09:43:37,M,1969-11-26,Online,GB
U_213,Bronze,2022-09-24 06:04:25,F,1981-05-05,Online,HK
U_214,Bronze,2019-08-01 09:35:38,M,1988-04-11,Online,HK
U_215,Gold,2023-05-24 23:49:19,M,1999-10-25,Campaign,HK
U_216,Bronze,2021-12-16 09:00:47,M,1987-03-02,Online,EU
U_217,Bronze,2020-05-27 04:18:20,M,1985-09-07,Online,HK
U_218,Bronze,2022-01-23 11:02:14,M,1993-02-23,Retail,JP
U_219,Silver,2023-09-25 18:59:26,F,1994-01-31,Online,HK
U_220,Bronze,2023-06-13 19:25:32,M,1991-03-04,Online,HK
U_221,Gold,2022-11-12 06:01:13,F,2002-10-27,Retail,HK
U_222,Bronze,2021-12-08 21:32:53,M,2004-11-16,Retail,GB
U_223,Silver,2020-08-24 10:05:56,M,1998-01-16,Retail,HK
U_224,Gold,2022-11-22 11:09:01,M,1959-11-27,Online,EU
U_225,Silver,2022-12-07 02:44:28,F,1954-06-16,Campaign,HK
U_226,Silver,2020-07-09 06:02:17,F,1987-09-12,Campaign,HK
U_227,Silver,2019-11-09 08:20:28,F,1952-03-16,Online,HK
U_228,Gold,2020-04-28 23:49:01,M,2002-08-29,Online,HK
U_229,Bronze,2022-07-17 08:19:36,M,1979-07-05,Campaign,HK
U_230,Silver,2019-07-12 22:14:46,U,2000-05-19,Online,HK
U_231,Bronze,2020-02-20 02:56:07,M,1976-05-02,Online,HK
U_232,Bronze,2022-03-15 06:44:15,M,1950-08-31,Online,HK
U_233,Bronze,2022-03-31 05:33:17,M,2005-10-23,Online,GB
U_234,Silver,2020-03-03 01:48:05,F,1982-01-02,Referral,HK
U_235,Silver,2021-11-11 04:32:31,F,1975-07-13,Campaign,HK
U_236,Silver,2020-03-01 09:18:23,F,1957-04-08,Retail,HK
U_237,Silver,2023-10-14 04:57:00,U,1994-09-28,Retail,US
U_238,Silver,2021-08-03 04:20:02,F,1959-04-16,Campaign,HK
U_239,Gold,2021-01-31 00:25:28,U,1974-05-31,Referral,EU
U_240,Silver,2020-02-25 10:29:16,M,1988-09-21,Online,HK
U_241,Silver,2020-02-11 14:03:46,F,2003-09-21,Referral,HK
U_242,Silver,2022-01-18 12:36:28,M,1972-08-06,Campaign,HK
U_243,Gold,2022-09-10 19:06:30,F,1971-06-16,Referral,HK
U_244,Bronze,2019-10-29 01:12:22,M,1996-07-18,Online,HK
U_245,Silver,2022-06-23 10:00:07,F,1970-11-17,Online,HK
U_246,Bronze,2020-02-27 05:38:46,F,1979-05-10,Retail,US
U_247,Bronze,2019-11-10 20:10:02,F,1964-07-31,Online,HK
U_248,Bronze,2020-06-08 18:09:49,F,1994-06-01,Online,EU
U_249,Gold,2022-03-05 18:26:12,F,1974-02-19,Online,US
U_250,Silver,2021-03-18 08:56:46,F,1953-03-13,Retail,HK
U_251,Gold,2022-09-08 07:15:06,F,1965-10-04,Online,HK
U_252,Gold,2020-08-14 01:25:57,M,1994-06-10,Online,EU
U_253,Silver,2020-07-31 09:59:25,F,1959-01-29,Online,HK
U_254,Gold,2021-09-02 10:21:29,M,1954-08-29,Retail,HK
U_255,Bronze,2020-06-11 21:34:16,F,1971-02-05,Referral,HK
U_256,Silver,2020-01-01 15:48:14,M,1961-06-17,Referral,HK
U_257,Bronze,2023-09-11 01:50:16,F,2000-11-07,Online,GB
U_258,Silver,2021-12-01 18:56:42,M,1964-07-03,Retail,HK
U_259,Silver,2020-07-13 14:07:19,F,1987-11-13,Retail,HK
U_260,Bronze,2020-01-08 00:48:35,M,1978-12-26,Online,HK
U_261,Bronze,2022-04-16 01:09:36,F,1976-04-02,Campaign,HK
U_262,Bronze,2021-10-14 16:48:27,M,1959-03-13,Referral,HK
U_263,Bronze,2019-10-07 01:43:48,M,2002-10-11,Online,HK
U_264,Gold,2023-01-03 18:46:59,M,1966-09-12,Campaign,HK
U_265,Silver,2022-09-24 10:51:34,M,2002-06-02,Referral,HK
U_266,Gold,2023-01-05 14:23:12,F,1969-08-25,Online,US
U_267,Gold,2023-12-10 05:43:19,M,1950-04-11,Retail,HK
U_268,Bronze,2022-07-19 10:41:25,M,1963-05-26,Referral,HK
U_269,Bronze,2020-07-20 04:01:06,M,1966-01-03,Referral,US
U_270,Silver,2023-04-16 08:16:38,M,1970-05-22,Online,US
U_271,Bronze,2021-07-06 21:25:23,M,1951-11-20,Online,US
U_272,Bronze,2023-02-09 09:11:05,F,2002-04-24,Referral,HK
U_273,Bronze,2020-04-19 15:07:58,F,1960-05-31,Campaign,US
U_274,Bronze,2020-02-29 04:59:12,F,1986-09-13,Online,HK
U_275,Gold,2020-07-19 17:03:24,M,1982-04-12,Campaign,HK
U_276,Bronze,2022-08-09 06:43:39,M,1962-10-14,Online,HK
U_277,Bronze,2021-01-10 16:23:35,M,1965-09-27,Campaign,HK
U_278,Silver,2023-01-04 23:55:56,F,1985-10-19,Campaign,HK
U_279,Bronze,2019-07-03 19:56:16,M,1974-01-02,Retail,HK
U_280,Silver,2021-02-17 10:18:21,F,1996-03-20,Retail,US
U_281,Bronze,2022-09-13 11:29:39,M,1970-12-28,Online,US
U_282,Bronze,2022-06-04 10:02:17,M,1986-09-13,Retail,HK
U_283,Bronze,2022-12-26 23:23:44,F,1988-03-26,Online,HK
U_284,Silver,2019-10-17 09:30:35,F,1999-12-12,Online,HK
U_285,Bronze,2021-07-06 17:28:56,M,2005-09-28,Campaign,US
U_286,Bronze,2021-01-08 20:00:29,F,1985-02-20,Referral,HK
U_287,Silver,2021-03-09 19:37:39,F,1988-10-18,Retail,HK
U_288,Silver,2022-04-07 08:01:03,M,1990-09-08,Online,HK
U_289,Bronze,2022-09-28 06:09:40,F,2002-10-13,Online,HK
U_290,Silver,2021-11-20 00:30:14,M,1990-06-08,Online,HK
U_291,Silver,2022-08-04 06:24:20,M,1975-01-14,Retail,HK
U_292,Silver,2020-07-03 16:06:47,U,1980-11-28,Online,HK
U_293,Silver,2021-10-29 17:18:43,F,1964-05-04,Retail,HK
U_294,Bronze,2023-10-01 01:41:26,M,1987-01-30,Campaign,HK
U_295,Bronze,2023-08-07 20:31:37,M,2003-06-27,Campaign,HK
U_296,Gold,2023-04-10 12:42:34,M,1973-09-14,Campaign,HK
U_297,Bronze,2022-06-22 20:28:18,U,1969-09-21,Campaign,HK
U_298,Bronze,2021-03-29 22:58:43,M,1968-11-10,Campaign,US
U_299,Bronze,2020-03-08 11:30:19,F,1974-02-12,Online,US
U_300,Bronze,2020-10-04 19:33:22,F,1997-03-21,Campaign,US
U_301,Bronze,2019-08-13 14:39:03,F,1975-04-10,Online,US
U_302,Bronze,2023-07-27 23:23:20,F,1968-04-03,Campaign,HK
U_303,Bronze,2021-10-02 06:21:17,M,1999-12-13,Online,US
U_304,Bronze,2020-08-22 17:09:24,F,1993-03-17,Online,HK
U_305,Silver,2020-09-26 23:44:31,F,1999-11-28,Retail,HK
U_306,Bronze,2023-08-30 13:10:54,F,1950-08-14,Online,HK
U_307,Silver,2020-08-23 17:08:19,M,1969-04-10,Retail,HK
U_308,Bronze,2021-04-19 11:53:25,F,1971-12-27,Campaign,US
U_309,Gold,2023-11-12 08:36:13,M,1966-11-11,Retail,EU
U_310,Silver,2023-06-20 00:07:00,F,1968-09-06,Referral,HK
U_311,Bronze,2020-09-01 19:46:00,F,1982-02-10,Retail,HK
U_312,Bronze,2020-09-13 09:33:59,F,2004-03-08,Retail,HK
U_313,Gold,2023-08-20 03:51:06,M,1979-09-29,Online,HK
U_314,Silver,2020-05-12 01:05:43,M,1995-05-23,Retail,HK
U_315,Bronze,2021-09-29 11:06:42,M,1986-12-09,Retail,HK
U_316,Gold,2021-01-19 20:46:55,M,1952-03-07,Referral,HK
U_317,Bronze,2021-02-18 12:02:33,M,1969-09-12,Referral,US
U_318,Silver,2020-03-15 06:09:31,M,1960-12-03,Online,EU
U_319,Bronze,2023-12-08 16:22:26,M,1957-02-17,Retail,HK
U_320,Silver,2019-08-03 08:55:24,M,1999-04-01,Online,EU
U_321,Silver,2021-03-28 13:59:14,F,1980-09-28,Referral,HK
U_322,Bronze,2019-11-29 05:50:38,F,1969-03-12,Retail,GB
U_323,Gold,2022-05-31 02:46:21,M,1977-07-12,Online,HK
U_324,Bronze,2021-06-13 15:18:45,M,1993-09-29,Retail,US
U_325,Silver,2023-11-05 08:12:19,F,1955-08-13,Online,HK
U_326,Bronze,2023-05-09 05:00:32,M,1970-01-06,Online,HK
U_327,Silver,2020-11-13 16:44:38,M,1984-07-21,Campaign,HK
U_328,Silver,2022-01-27 03:46:14,F,1950-10-08,Online,US
U_329,Silver,2020-11-13 17:53:02,F,1993-07-07,Retail,EU
U_330,Bronze,2020-12-06 21:26:10,M,1993-08-23,Online,HK
U_331,Bronze,2020-04-11 09:42:26,M,1990-09-04,Referral,HK
U_332,Gold,2022-01-04 08:10:19,M,1959-08-31,Online,US
U_333,Bronze,2021-05-02 08:16:21,F,2000-11-08,Online,JP
U_334,Silver,2023-08-17 20:04:54,F,1962-06-27,Online,HK
U_335,Silver,2022-03-27 19:10:05,M,1953-08-25,Retail,HK
U_336,Bronze,2023-01-03 08:55:17,M,1981-05-23,Retail,EU
U_337,Bronze,2022-03-02 21:50:16,M,1959-05-08,Retail,US
U_338,Bronze,2023-05-04 20:28:15,F,1984-04-30,Retail,HK
U_339,Bronze,2020-03-26 06:13:19,M,1972-09-04,Retail,US
U_340,Silver,2021-05-05 11:54:47,M,1954-02-10,Online,HK
U_341,Silver,2023-11-10 20:00:38,F,1971-07-07,Online,HK
U_342,Gold,2023-03-23 02:12:23,F,1968-12-28,Retail,HK
U_343,Bronze,2022-03-20 01:58:42,M,1955-05-27,Referral,JP
U_344,Bronze,2023-01-05 20:07:24,M,1970-05-26,Retail,US
U_345,Silver,2020-11-05 18:59:46,F,1977-03-29,Retail,HK
U_346,Silver,2022-08-27 02:49:57,M,1994-01-04,Online,HK
U_347,Bronze,2020-01-19 23:20:54,M,1950-07-20,Online,HK
U_348,Gold,2020-09-11 19:52:40,M,1982-07-30,Online,JP
U_349,Bronze,2021-11-29 18:12:23,M,1979-06-24,Online,HK
U_350,Silver,2019-07-25 15:54:38,M,1996-07-23,Campaign,HK
U_351,Silver,2021-06-14 13:48:47,F,1983-01-18,Referral,HK
U_352,Silver,2020-01-31 00:47:16,F,1974-09-05,Retail,US
U_353,Bronze,2023-08-29 17:02:25,F,1974-08-23,Campaign,US
U_354,Silver,2023-05-23 23:38:17,F,1991-09-06,Retail,EU
U_355,Gold,2023-12-26 21:08:28,M,1998-10-13,Online,EU
U_356,Silver,2020-06-02 13:07:39,M,1954-01-18,Campaign,HK
U_357,Bronze,2022-06-02 13:22:30,M,1977-07-25,Campaign,HK
U_358,Silver,2021-05-06 03:33:12,M,1994-06-22,Retail,HK
U_359,Silver,2023-09-01 08:10:03,M,1989-06-19,Online,US
U_360,Silver,2019-12-10 17:45:32,F,1965-12-07,Online,HK
U_361,Silver,2022-08-09 10:34:53,U,1995-01-25,Online,HK
U_362,Bronze,2020-06-04 08:23:08,M,1998-04-13,Campaign,HK
U_363,Silver,2021-07-25 20:18:29,F,2004-12-12,Campaign,US
U_364,Gold,2021-02-06 04:29:22,M,1958-07-24,Referral,EU
U_365,Bronze,2019-12-11 09:42:13,M,1989-02-24,Online,US
U_366,Bronze,2022-06-20 18:33:10,F,2000-09-16,Retail,GB
U_367,Bronze,2020-12-28 02:12:28,M,1992-05-22,Retail,EU
U_368,Silver,2020-08-23 10:27:43,F,2003-11-08,Online,JP
U_369,Silver,2022-05-29 03:02:44,M,1978-11-16,Retail,EU
U_370,Bronze,2022-11-01 12:30:08,M,1951-01-16,Online,HK
U_371,Silver,2023-02-19 17:38:50,M,1977-10-15,Online,HK
U_372,Gold,2019-10-09 05:44:15,F,1965-06-02,Online,HK
U_373,Silver,2020-09-18 17:26:10,M,1996-05-04,Retail,HK
U_374,Bronze,2023-09-06 05:04:19,U,1985-01-11,Referral,HK
U_375,Silver,2022-12-16 13:53:09,M,1998-11-23,Referral,JP
U_376,Silver,2023-03-07 13:06:32,F,2000-02-22,Online,HK
U_377,Gold,2020-02-18 18:19:19,F,1967-01-03,Campaign,HK
U_378,Silver,2021-04-06 23:45:32,M,1975-05-31,Retail,EU
U_379,Bronze,2022-11-20 04:08:36,M,2002-05-31,Retail,HK
U_380,Bronze,2020-01-26 02:35:28,M,2005-01-21,Online,HK
U_381,Bronze,2021-03-24 16:15:59,F,1956-04-25,Campaign,US
U_382,Bronze,2023-09-12 21:30:23,F,1987-10-30,Retail,HK
U_383,Silver,2020-04-24 21:42:40,F,1953-11-30,Campaign,HK
U_384,Bronze,2020-06-18 23:03:40,F,1979-11-03,Online,HK
U_385,Bronze,2023-04-02 02:24:36,M,1956-06-18,Online,US
U_386,Bronze,2022-12-07 13:10:11,M,1991-06-20,Online,HK
U_387,Silver,2021-01-18 13:00:05,M,1950-08-22,Retail,EU
U_388,Silver,2019-12-06 13:17:45,F,1996-12-18,Online,HK
U_389,Silver,2021-10-29 02:22:07,M,1998-01-28,Online,GB
U_390,Bronze,2020-09-26 22:36:01,M,1951-11-26,Retail,HK
U_391,Bronze,2020-08-01 20:50:54,M,2002-01-27,Retail,HK
U_392,Bronze,2022-10-15 17:59:23,M,1959-08-26,Campaign,HK
U_393,Bronze,2022-06-17 18:19:42,F,1979-11-14,Retail,US
U_394,Silver,2022-12-17 15:26:06,F,1985-07-17,Retail,US
U_395,Bronze,2023-02-11 00:32:06,M,1981-03-17,Online,HK
U_396,Gold,2021-10-18 20:22:42,F,1960-08-21,Online,HK
U_397,Bronze,2023-06-01 06:00:51,M,1962-12-06,Retail,EU
U_398,Bronze,2019-09-17 05:13:56,F,1991-08-06,Retail,HK
U_399,Bronze,2021-02-13 17:57:38,F,2002-08-24,Campaign,HK
U_400,Bronze,2020-04-02 04:37:47,F,1951-04-08,Online,HK
U_401,Bronze,2023-08-21 20:40:44,M,1990-06-30,Campaign,HK
U_402,Bronze,2022-04-14 04:25:44,F,1971-07-07,Online,HK
U_403,Silver,2023-07-20 04:52:30,M,1985-01-21,Online,EU
U_404,Bronze,2023-02-06 00:44:29,M,1983-08-01,Online,HK
U_405,Silver,2022-02-21 03:38:28,F,1993-07-27,Retail,HK
U_406,Bronze,2023-11-07 21:25:22,F,1975-07-12,Referral,HK
U_407,Silver,2022-03-24 06:25:05,F,1979-06-14,Online,JP
U_408,Silver,2022-07-02 22:41:03,M,1952-03-20,Online,EU
U_409,Gold,2020-04-10 06:10:09,M,1987-09-13,Online,HK
U_410,Bronze,2020-02-29 09:44:33,U,1964-06-16,Retail,HK
U_411,Bronze,2021-03-22 09:40:25,F,1988-04-03,Online,HK
U_412,Bronze,2022-02-24 08:11:26,M,2000-10-16,Retail,US
U_413,Silver,2020-11-17 03:15:16,F,1978-05-08,Retail,GB
U_414,Bronze,2019-07-05 08:29:39,F,1974-09-06,Online,EU
U_415,Gold,2022-06-07 22:51:28,F,2000-11-27,Online,HK
U_416,Bronze,2019-07-24 03:22:26,F,1955-04-30,Retail,HK
U_417,Silver,2020-05-21 02:48:59,M,1967-02-05,Campaign,HK
U_418,Bronze,2019-10-30 22:44:35,F,2005-04-03,Retail,US
U_419,Bronze,2021-05-03 13:56:27,M,1950-02-23,Online,HK
U_420,Silver,2023-02-05 04:15:24,M,1989-02-22,Online,US
U_421,Gold,2022-03-03 00:49:12,F,1993-12-02,Online,HK
U_422,Silver,2020-05-24 14:04:32,M,1964-02-14,Online,HK
U_423,Silver,2023-02-22 05:56:16,M,1988-09-28,Retail,US
U_424,Silver,2022-09-27 19:41:09,F,2004-10-22,Retail,US
U_425,Bronze,2022-11-26 22:16:20,F,1970-02-11,Referral,GB
U_426,Silver,2023-09-30 20:52:11,M,1977-03-01,Campaign,HK
U_427,Bronze,2020-10-13 02:52:53,M,1961-09-27,Referral,HK
U_428,Silver,2020-04-07 01:56:23,F,1978-06-14,Retail,HK
U_429,Bronze,2021-04-03 02:48:32,M,1999-07-29,Referral,HK
U_430,Bronze,2023-12-21 10:03:33,F,1980-03-02,Online,JP
U_431,Gold,2020-11-24 15:34:10,M,1984-04-14,Referral,US
U_432,Bronze,2022-08-11 08:00:07,F,1976-12-18,Online,HK
U_433,Bronze,2020-06-12 14:49:06,F,1971-10-23,Online,JP
U_434,Bronze,2021-05-25 15:41:12,M,1964-03-10,Online,US
U_435,Silver,2023-08-05 19:38:42,F,1990-03-21,Online,HK
U_436,Silver,2020-09-24 20:36:21,F,1964-11-07,Online,HK
U_437,Bronze,2021-01-25 14:36:39,F,1971-05-29,Retail,HK
U_438,Gold,2021-01-11 21:57:09,F,1967-08-07,Referral,HK
U_439,Silver,2021-04-12 23:55:18,F,1954-11-23,Online,HK
U_440,Bronze,2020-11-18 18:58:30,M,1978-08-24,Referral,JP
U_441,Silver,2022-02-14 11:55:51,M,1952-02-25,Online,HK
U_442,Silver,2020-08-18 08:29:26,M,1999-08-14,Retail,HK
U_443,Silver,2019-11-16 05:50:04,F,1951-05-04,Campaign,HK
U_444,Gold,2023-04-24 19:19:59,M,2004-09-18,Campaign,HK
U_445,Bronze,2020-02-20 20:49:54,F,1975-09-14,Referral,US
U_446,Silver,2021-12-18 08:39:53,M,1992-06-07,Referral,HK
U_447,Bronze,2023-02-21 15:07:39,M,1999-05-24,Online,HK
U_448,Silver,2020-12-14 01:32:33,F,1995-03-10,Online,HK
U_449,Silver,2023-10-16 09:59:13,F,1964-09-01,Online,HK
U_450,Silver,2023-12-16 10:07:47,F,1999-08-07,Retail,HK
U_451,Bronze,2020-05-05 13:59:16,F,1991-09-20,Online,HK
U_452,Bronze,2022-06-29 12:08:13,F,1990-02-04,Online,HK
U_453,Bronze,2021-12-17 18:21:49,F,1970-05-17,Retail,US
U_454,Silver,2022-07-25 10:47:39,F,2004-05-09,Referral,US
U_455,Bronze,2020-07-29 02:00:13,F,1954-12-25,Retail,HK
U_456,Bronze,2023-03-21 02:21:02,U,1979-06-12,Retail,HK
U_457,Bronze,2021-08-10 12:24:00,M,1985-11-12,Retail,HK
U_458,Silver,2023-03-28 21:04:04,M,1981-04-24,Retail,US
U_459,Silver,2021-01-27 22:21:58,M,1956-11-12,Online,HK
U_460,Silver,2022-01-05 05:22:18,F,1954-12-05,Referral,HK
U_461,Bronze,2022-05-21 04:20:57,F,1979-02-28,Online,HK
U_462,Bronze,2019-12-19 19:34:23,M,1987-01-30,Retail,US
U_463,Bronze,2022-06-03 11:49:49,F,1995-01-17,Online,US
U_464,Bronze,2020-02-22 10:08:25,F,1955-01-07,Online,HK
U_465,Silver,2022-02-05 04:54:34,F,2001-12-17,Online,US
U_466,Bronze,2021-01-05 08:44:04,F,1966-03-05,Online,US
U_467,Bronze,2022-06-06 16:06:55,F,1965-01-20,Online,HK
U_468,Bronze,2020-07-11 01:15:07,M,1968-02-15,Online,HK
U_469,Bronze,2021-03-30 04:52:08,F,1993-03-22,Retail,HK
U_470,Bronze,2023-07-14 03:21:40,F,1963-06-08,Online,HK
U_471,Silver,2020-07-14 08:17:03,F,2000-08-01,Retail,HK
U_472,Bronze,2019-11-25 04:05:45,F,1967-02-05,Campaign,HK
U_473,Silver,2020-10-16 21:11:59,F,2005-08-29,Campaign,GB
U_474,Bronze,2021-05-05 03:34:21,M,1958-02-20,Referral,HK
U_475,Bronze,2023-12-11 15:16:42,F,1963-07-09,Retail,US
U_476,Bronze,2020-07-02 07:55:37,F,1976-06-01,Retail,US
U_477,Silver,2021-12-31 21:59:25,F,1957-09-06,Retail,HK
U_478,Bronze,2022-03-16 12:29:51,M,1988-05-10,Online,HK
U_479,Bronze,2020-04-03 02:21:59,M,1989-10-11,Online,HK
U_480,Silver,2021-01-21 17:44:30,F,1983-03-26,Campaign,HK
U_481,Silver,2021-06-14 18:40:27,M,1966-11-10,Referral,HK
U_482,Silver,2020-01-03 08:59:17,F,1986-08-17,Retail,HK
U_483,Bronze,2021-06-08 19:46:48,M,1990-03-18,Campaign,EU
U_484,Silver,2020-09-01 17:29:21,M,2000-01-31,Campaign,US
U_485,Silver,2023-08-10 15:16:14,M,1958-09-09,Retail,HK
U_486,Bronze,2021-09-23 04:25:27,M,1997-10-13,Referral,HK
U_487,Bronze,2019-10-07 03:01:14,M,1961-11-24,Online,JP
U_488,Bronze,2020-06-21 08:02:34,M,1968-04-21,Retail,HK
U_489,Bronze,2020-06-03 14:02:55,M,1960-08-14,Online,US
U_490,Silver,2022-02-28 08:09:50,M,1981-08-14,Referral,HK
U_491,Bronze,2020-05-17 18:23:44,M,1964-04-10,Online,HK
U_492,Gold,2023-03-08 07:42:00,M,2004-02-09,Campaign,HK
U_493,Silver,2020-09-21 22:27:29,F,1986-08-28,Retail,HK
U_494,Bronze,2023-06-28 11:13:17,F,1952-05-11,Online,HK
U_495,Bronze,2020-11-21 11:01:41,M,1987-09-03,Online,HK
U_496,Bronze,2020-05-27 12:25:24,M,1963-09-25,Referral,GB
U_497,Bronze,2022-06-07 00:01:03,M,1951-10-10,Online,GB
U_498,Gold,2020-11-14 03:02:15,F,1977-03-29,Online,JP
U_499,Bronze,2022-12-16 14:48:28,M,1950-09-02,Retail,HK
U_500,Silver,2021-11-11 06:52:02,F,1958-11-07,Online,US
U_501,Silver,2021-07-31 02:27:57,M,1964-08-13,Online,US
U_502,Silver,2020-06-27 20:40:05,M,2001-07-03,Online,HK
U_503,Gold,2019-08-31 07:50:47,F,1981-05-07,Online,HK
U_504,Bronze,2022-02-03 21:41:42,F,1990-11-12,Retail,US
U_505,Bronze,2019-08-14 17:34:15,M,1993-06-05,Campaign,HK
U_506,Bronze,2022-08-18 08:02:21,F,1954-04-08,Campaign,US
U_507,Bronze,2023-06-22 01:14:13,F,2002-04-27,Retail,HK
U_508,Gold,2020-10-04 01:51:34,M,1959-08-12,Retail,GB
U_509,Silver,2021-01-01 15:50:01,M,1984-11-04,Campaign,US
U_510,Silver,2021-02-25 00:04:12,F,1952-12-30,Online,HK
U_511,Bronze,2020-10-13 22:54:14,M,1965-05-17,Online,US
U_512,Bronze,2020-11-01 12:49:31,M,1973-04-03,Online,US
U_513,Gold,2021-03-30 06:55:37,M,1986-03-11,Retail,US
U_514,Silver,2023-08-24 14:52:40,F,1995-07-26,Retail,HK
U_515,Bronze,2021-02-27 14:34:50,M,1950-01-08,Retail,HK
U_516,Gold,2020-05-21 22:13:27,M,1953-11-16,Online,US
U_517,Bronze,2022-06-16 22:11:26,M,1951-02-10,Referral,US
U_518,Bronze,2020-02-15 17:09:14,F,1961-04-26,Online,HK
U_519,Bronze,2023-11-10 14:01:21,M,1983-03-13,Online,EU
U_520,Silver,2021-01-15 09:10:34,F,1982-06-07,Referral,HK
U_521,Silver,2023-01-23 06:08:47,M,1990-12-01,Retail,US
U_522,Bronze,2022-01-06 19:22:45,M,1954-04-02,Referral,EU
U_523,Bronze,2022-03-17 13:09:55,U,1969-10-01,Online,HK
U_524,Bronze,2020-04-10 23:54:50,F,1983-10-22,Referral,EU
U_525,Silver,2022-09-11 04:51:59,F,1993-09-10,Referral,HK
U_526,Silver,2022-08-24 17:12:09,F,2003-12-04,Retail,HK
U_527,Gold,2020-10-02 19:50:10,M,1994-02-12,Referral,HK
U_528,Gold,2020-12-25 00:22:51,F,1973-11-20,Online,HK
U_529,Silver,2022-07-20 01:25:16,U,1956-11-18,Campaign,HK
U_530,Silver,2022-06-07 14:37:54,M,1987-09-07,Online,HK
U_531,Gold,2021-04-01 01:10:57,M,1998-05-14,Retail,EU
U_532,Bronze,2022-12-22 14:08:28,F,1979-10-14,Retail,HK
U_533,Bronze,2021-04-21 20:12:18,M,1977-08-13,Online,HK
U_534,Bronze,2019-10-01 01:26:55,F,2000-05-29,Retail,HK
U_535,Gold,2021-12-04 14:39:37,F,1982-11-16,Online,EU
U_536,Silver,2023-01-06 07:08:57,F,1986-04-14,Referral,HK
U_537,Bronze,2020-10-23 14:19:09,F,1978-06-10,Online,HK
U_538,Silver,2022-08-09 22:09:37,F,2005-11-04,Retail,US
U_539,Bronze,2020-05-16 19:25:15,M,2003-12-18,Online,HK
U_540,Silver,2022-05-10 13:15:44,F,2001-01-07,Online,US
U_541,Gold,2022-06-28 14:48:15,M,1988-03-19,Campaign,HK
U_542,Bronze,2019-10-21 04:25:18,F,1999-01-16,Online,HK
U_543,Gold,2021-07-16 11:05:45,M,1965-02-15,Referral,HK
U_544,Gold,2020-05-03 14:45:22,M,1966-11-12,Online,HK
U_545,Bronze,2019-08-10 02:42:31,M,1965-12-25,Online,HK
U_546,Silver,2021-04-30 01:02:40,M,1963-06-17,Retail,HK
U_547,Silver,2022-04-14 02:41:43,M,1975-03-16,Campaign,US
U_548,Bronze,2020-07-18 05:15:56,M,2003-02-18,Retail,US
U_549,Gold,2019-07-29 03:58:38,M,1981-07-15,Online,HK
U_550,Bronze,2022-03-22 14:05:47,F,1965-12-20,Referral,HK
U_551,Silver,2020-08-06 00:55:51,F,1999-11-23,Retail,HK
U_552,Gold,2020-01-28 16:34:44,F,1988-08-04,Online,HK
U_553,Bronze,2023-02-18 18:08:48,M,1961-06-18,Online,HK
U_554,Bronze,2020-06-27 09:59:55,M,1952-07-19,Retail,HK
U_555,Bronze,2023-09-23 01:43:52,F,1980-12-20,Retail,HK
U_556,Bronze,2021-10-17 12:06:59,F,1980-03-08,Retail,GB
U_557,Bronze,2022-06-06 12:36:43,M,1971-12-15,Referral,HK
U_558,Silver,2019-07-24 23:56:06,F,1977-01-12,Campaign,HK
U_559,Bronze,2021-10-08 10:53:41,F,1959-09-16,Online,HK
U_560,Bronze,2020-02-01 16:42:14,F,1998-05-17,Campaign,HK
U_561,Bronze,2020-05-09 01:07:01,M,2004-01-16,Online,HK
U_562,Gold,2023-12-13 14:56:05,U,1966-01-18,Retail,HK
U_563,Silver,2022-09-01 08:26:23,M,1973-11-22,Retail,US
U_564,Bronze,2023-10-28 04:10:50,M,1976-11-02,Referral,HK
U_565,Gold,2021-10-29 00:37:06,M,1966-11-03,Online,HK
U_566,Silver,2021-08-20 21:48:01,M,1951-05-14,Retail,HK
U_567,Silver,2022-11-21 16:20:19,F,1983-01-13,Online,HK
U_568,Silver,2020-04-28 19:51:06,M,1975-08-24,Online,HK
U_569,Silver,2021-05-25 15:39:16,F,1954-02-04,Online,US
U_570,Silver,2019-09-22 07:53:29,M,2001-10-20,Campaign,HK
U_571,Bronze,2023-05-16 21:44:56,F,1986-11-05,Retail,HK
U_572,Silver,2021-06-16 01:39:04,M,1996-02-27,Online,US
U_573,Silver,2021-09-02 15:33:19,M,1989-08-19,Online,HK
U_574,Bronze,2022-06-07 19:53:56,M,1982-08-20,Online,HK
U_575,Silver,2023-10-20 22:41:56,M,1976-05-17,Retail,US
U_576,Silver,2022-06-29 11:10:56,F,1990-07-14,Retail,US
U_577,Silver,2021-07-17 00:55:37,M,1964-05-16,Online,US
U_578,Gold,2022-11-29 22:23:22,M,1974-05-30,Retail,HK
U_579,Silver,2020-03-03 03:53:04,F,1990-01-21,Online,HK
U_580,Bronze,2023-05-19 06:04:54,F,1985-10-19,Campaign,HK
U_581,Bronze,2021-03-12 09:30:51,F,1997-11-05,Online,HK
U_582,Silver,2022-02-25 15:51:24,F,1974-05-08,Retail,HK
U_583,Bronze,2020-01-28 13:45:01,M,1995-01-31,Referral,HK
U_584,Gold,2023-02-05 00:57:24,M,2001-10-16,Retail,HK
U_585,Bronze,2021-02-20 06:14:15,M,1956-03-14,Retail,HK
U_586,Silver,2020-12-23 15:51:33,F,1965-05-18,Online,HK
U_587,Silver,2020-06-09 17:00:41,M,1959-06-11,Retail,HK
U_588,Bronze,2023-04-01 10:33:54,F,1982-04-10,Online,HK
U_589,Bronze,2019-11-13 06:46:06,M,1984-09-26,Online,HK
U_590,Gold,2022-01-21 13:43:08,M,1950-05-21,Referral,HK
U_591,Silver,2022-10-30 02:23:31,F,1990-09-11,Online,HK
U_592,Bronze,2023-11-20 16:13:32,M,1973-01-30,Online,HK
U_593,Silver,2022-06-25 11:23:01,F,1965-11-03,Online,HK
U_594,Bronze,2021-02-02 13:04:07,M,1993-12-28,Retail,HK
U_595,Bronze,2020-04-11 13:49:20,M,1977-09-09,Online,HK
U_596,Silver,2021-09-22 15:24:10,F,2003-08-25,Online,EU
U_597,Bronze,2020-10-23 18:47:04,F,1962-06-15,Online,EU
U_598,Bronze,2022-06-13 02:22:15,M,1987-02-17,Campaign,US
U_599,Bronze,2023-08-12 13:08:12,F,1963-02-14,Online,US
U_600,Silver,2020-05-04 07:23:39,M,1994-07-12,Campaign,HK
U_601,Silver,2021-03-26 09:09:38,F,1978-08-11,Campaign,HK
U_602,Bronze,2020-02-08 21:01:25,M,1997-09-05,Online,HK
U_603,Gold,2020-05-28 00:23:41,M,1955-02-20,Retail,HK
U_604,Bronze,2023-10-24 03:25:17,U,1961-09-21,Retail,HK
U_605,Silver,2023-09-18 04:05:47,M,2001-03-14,Retail,HK
U_606,Silver,2019-12-24 16:16:12,F,1950-11-18,Referral,HK
U_607,Silver,2022-06-11 16:07:47,M,1950-08-28,Online,EU
U_608,Gold,2022-07-01 11:20:39,M,1981-02-17,Referral,HK
U_609,Gold,2020-09-10 09:08:57,F,1989-09-24,Online,HK
U_610,Bronze,2021-08-26 02:01:30,F,1957-03-07,Online,HK
U_611,Silver,2020-12-15 17:45:40,M,1956-07-01,Campaign,HK
U_612,Bronze,2023-07-11 08:38:02,F,1989-09-10,Online,HK
U_613,Bronze,2022-05-06 20:38:50,M,1959-05-11,Campaign,EU
U_614,Silver,2019-09-05 21:27:54,F,1981-05-01,Online,HK
U_615,Silver,2022-05-03 23:34:49,M,1997-04-03,Online,HK
U_616,Bronze,2021-08-07 14:31:49,M,1989-11-29,Retail,EU
U_617,Silver,2022-01-27 02:35:53,F,1955-11-12,Online,HK
U_618,Silver,2021-11-02 06:56:19,F,2001-05-10,Campaign,HK
U_619,Bronze,2019-09-24 05:17:03,F,1957-06-07,Retail,HK
U_620,Bronze,2021-03-10 15:34:01,F,1997-05-10,Online,HK
U_621,Bronze,2023-05-06 05:11:01,F,2001-08-14,Online,HK
U_622,Bronze,2022-11-08 11:32:21,M,1954-05-30,Retail,HK
U_623,Gold,2022-03-20 08:15:01,F,2004-11-22,Referral,HK
U_624,Silver,2020-07-29 03:11:50,M,1970-06-06,Online,HK
U_625,Bronze,2023-10-05 10:39:35,F,1977-05-12,Referral,HK
U_626,Bronze,2021-05-28 21:41:06,M,1956-07-09,Campaign,HK
U_627,Bronze,2022-07-18 14:58:51,F,1981-01-06,Online,HK
U_628,Gold,2020-05-06 00:22:37,F,1953-12-12,Online,HK
U_629,Bronze,2023-07-09 21:53:05,F,1974-07-04,Online,HK
U_630,Bronze,2020-02-27 10:56:37,F,1978-04-14,Online,US
U_631,Silver,2020-05-30 16:29:16,F,1964-10-07,Retail,HK
U_632,Bronze,2019-11-16 03:52:03,F,1976-07-03,Campaign,HK
U_633,Silver,2022-06-23 01:49:15,M,1961-05-18,Online,HK
U_634,Gold,2021-09-22 01:24:23,M,1954-08-30,Retail,HK
U_635,Bronze,2020-08-21 05:45:35,M,1993-04-22,Online,HK
U_636,Silver,2021-01-20 12:38:37,M,1961-01-19,Retail,EU
U_637,Bronze,2019-07-29 13:08:29,F,1953-10-11,Retail,HK
U_638,Bronze,2022-03-23 10:52:51,M,1965-03-04,Online,US
U_639,Bronze,2019-11-22 07:25:45,M,1997-07-05,Campaign,HK
U_640,Silver,2021-08-08 23:03:06,F,1982-06-01,Retail,HK
U_641,Bronze,2020-04-11 20:38:44,F,1976-09-03,Online,US
U_642,Bronze,2023-05-22 09:01:26,F,1991-08-22,Referral,HK
U_643,Bronze,2020-05-12 22:20:10,F,1952-03-20,Retail,HK
U_644,Bronze,2021-11-21 19:00:48,F,1990-12-31,Retail,EU
U_645,Gold,2020-08-06 07:28:59,F,2004-05-15,Campaign,HK
U_646,Silver,2021-01-04 04:20:06,M,1978-07-12,Referral,HK
U_647,Bronze,2020-07-30 22:40:59,M,1964-04-12,Online,HK
U_648,Bronze,2020-06-24 14:24:36,M,1990-12-17,Online,HK
U_649,Silver,2022-05-02 22:38:25,M,1956-12-13,Referral,US
U_650,Bronze,2022-01-04 16:21:42,F,1962-12-30,Online,US
U_651,Silver,2022-09-02 19:01:54,M,1984-04-27,Campaign,US
U_652,Bronze,2023-02-09 22:21:25,F,1991-12-04,Online,HK
U_653,Bronze,2020-11-27 22:56:38,M,1998-05-30,Retail,HK
U_654,Bronze,2020-04-22 03:54:35,M,2002-11-03,Retail,HK
U_655,Silver,2021-10-03 04:11:10,M,1977-08-30,Online,US
U_656,Bronze,2020-11-04 11:40:39,F,1977-12-03,Retail,HK
U_657,Silver,2023-07-24 22:42:37,F,1977-07-05,Online,US
U_658,Bronze,2022-08-27 05:26:05,M,1993-07-16,Online,HK
U_659,Bronze,2021-03-31 10:13:28,M,1960-07-05,Online,JP
U_660,Gold,2020-07-21 12:22:42,M,1955-11-01,Online,US
U_661,Bronze,2022-11-05 03:38:04,U,1959-01-11,Referral,HK
U_662,Silver,2021-12-16 03:40:23,F,1964-11-17,Campaign,US
U_663,Bronze,2022-05-11 18:29:50,F,1992-07-02,Online,HK
U_664,Gold,2023-11-18 03:57:40,F,1965-05-27,Online,HK
U_665,Gold,2021-02-13 17:42:44,F,1963-08-17,Online,US
U_666,Silver,2021-12-22 10:12:14,M,1975-03-02,Online,HK
U_667,Gold,2021-04-19 04:43:38,F,2002-02-06,Online,US
U_668,Silver,2020-09-12 01:34:09,F,2004-05-11,Retail,US
U_669,Silver,2023-07-27 22:04:50,F,1973-11-20,Online,HK
U_670,Bronze,2022-06-12 20:24:42,M,1985-03-11,Online,HK
U_671,Bronze,2021-05-29 19:08:09,M,1956-08-29,Online,HK
U_672,Bronze,2021-10-19 21:39:16,F,1985-12-04,Retail,HK
U_673,Silver,2020-02-06 22:55:54,F,2001-02-15,Online,HK
U_674,Silver,2020-06-08 01:45:08,F,1974-10-13,Online,US
U_675,Bronze,2020-06-20 10:35:04,M,1972-09-11,Online,HK
U_676,Gold,2023-12-14 12:42:51,F,1977-02-08,Online,HK
U_677,Gold,2022-06-07 06:58:39,F,1985-06-04,Retail,US
U_678,Silver,2020-02-13 13:41:57,M,1972-11-23,Campaign,HK
U_679,Bronze,2019-07-29 14:11:51,M,2000-08-14,Referral,EU
U_680,Bronze,2021-02-04 18:28:16,M,1972-04-26,Retail,HK
U_681,Silver,2022-03-26 20:36:09,F,1968-01-30,Retail,US
U_682,Silver,2020-02-24 21:26:21,M,1996-10-27,Referral,HK
U_683,Silver,2021-08-13 10:54:39,F,1993-01-09,Retail,US
U_684,Silver,2019-11-25 23:37:02,F,1961-12-21,Online,HK
U_685,Gold,2020-06-14 21:45:33,F,1954-10-01,Retail,HK
U_686,Bronze,2022-12-08 16:56:40,M,1957-10-05,Online,US
U_687,Silver,2020-06-05 06:57:09,M,1974-10-28,Referral,US
U_688,Gold,2019-09-02 16:09:15,M,1997-12-07,Online,US
U_689,Bronze,2023-10-09 03:44:05,M,1994-05-16,Online,HK
U_690,Bronze,2021-10-14 12:25:57,F,1997-08-24,Online,HK
U_691,Bronze,2022-03-11 10:39:06,F,1972-12-06,Retail,HK
U_692,Gold,2019-09-14 00:40:01,F,1951-02-24,Retail,JP
U_693,Bronze,2020-03-26 21:46:50,M,1955-02-17,Retail,EU
U_694,Bronze,2021-05-18 02:22:56,M,1992-09-18,Online,HK
U_695,Gold,2023-01-27 04:34:18,M,1996-12-13,Referral,HK
U_696,Bronze,2020-06-17 22:30:19,F,1973-01-25,Online,GB
U_697,Bronze,2020-10-31 20:21:23,F,1961-03-15,Online,HK
U_698,Bronze,2023-07-22 12:03:09,F,1963-11-19,Referral,HK
U_699,Silver,2021-04-29 00:23:59,M,1954-01-27,Online,HK
U_700,Bronze,2022-11-06 20:16:36,M,1951-08-18,Campaign,EU
U_701,Silver,2023-01-09 07:44:27,M,1974-02-10,Retail,HK
U_702,Gold,2020-08-15 05:38:11,M,2001-10-09,Retail,HK
U_703,Silver,2020-12-25 17:08:41,M,1994-08-03,Online,HK
U_704,Bronze,2023-01-01 05:38:15,F,1972-10-24,Online,HK
U_705,Silver,2022-04-03 12:40:11,M,1982-08-31,Retail,HK
U_706,Silver,2022-07-10 06:22:29,M,1962-06-11,Online,HK
U_707,Bronze,2022-02-12 09:38:23,F,1980-02-16,Retail,EU
U_708,Silver,2021-06-17 20:36:03,M,1992-04-27,Retail,HK
U_709,Silver,2019-07-20 00:15:21,M,1988-10-14,Online,HK
U_710,Gold,2022-09-03 10:57:18,M,1997-10-20,Online,HK
U_711,Bronze,2022-01-21 20:45:19,F,1992-04-13,Online,HK
U_712,Silver,2021-10-31 08:56:20,M,1958-05-19,Campaign,HK
U_713,Bronze,2022-06-16 00:42:35,M,1954-03-04,Retail,EU
U_714,Silver,2019-12-04 09:50:47,M,2004-01-06,Online,HK
U_715,Bronze,2020-10-14 15:27:10,M,1994-11-21,Retail,JP
U_716,Bronze,2023-10-09 06:14:40,F,1977-02-15,Online,US
U_717,Silver,2023-04-25 17:20:38,F,1959-01-03,Retail,US
U_718,Silver,2023-10-15 01:50:34,F,1962-11-16,Online,EU
U_719,Silver,2022-07-07 00:06:43,F,1961-10-01,Campaign,HK
U_720,Bronze,2023-10-23 09:37:14,F,1993-04-20,Retail,HK
U_721,Bronze,2019-07-06 15:45:07,M,1961-08-01,Online,HK
U_722,Silver,2020-04-30 13:04:31,F,1978-09-08,Retail,HK
U_723,Bronze,2022-11-29 07:52:58,M,1963-06-14,Referral,US
U_724,Bronze,2023-01-08 05:46:15,M,1957-05-08,Referral,EU
U_725,Bronze,2023-12-19 01:21:27,M,1965-08-01,Referral,US
U_726,Bronze,2020-06-27 12:40:36,F,1994-12-16,Campaign,US
U_727,Gold,2021-04-20 14:58:20,M,1984-10-01,Campaign,HK
U_728,Gold,2023-08-01 18:59:14,F,1984-09-23,Referral,US
U_729,Silver,2020-06-16 00:57:03,U,1961-10-17,Campaign,HK
U_730,Gold,2020-01-16 02:18:15,F,1973-05-07,Referral,EU
U_731,Silver,2021-07-16 08:42:06,M,1953-05-08,Retail,US
U_732,Gold,2022-08-14 00:12:25,F,1990-10-11,Campaign,US
U_733,Bronze,2021-02-26 11:08:35,F,1993-08-16,Retail,EU
U_734,Silver,2023-11-29 09:51:51,M,1959-12-02,Campaign,US
U_735,Bronze,2023-03-14 12:02:26,F,1971-12-23,Online,HK
U_736,Bronze,2023-02-02 00:22:13,M,1981-09-30,Online,US
U_737,Bronze,2022-12-02 11:02:46,F,1970-02-19,Online,HK
U_738,Silver,2022-10-14 22:12:40,M,1986-08-29,Online,HK
U_739,Bronze,2023-06-01 22:24:29,M,2002-03-21,Online,HK
U_740,Gold,2021-12-01 12:02:53,M,1972-08-07,Online,HK
U_741,Bronze,2023-07-31 16:37:40,M,1977-09-19,Online,HK
U_742,Bronze,2021-01-29 07:44:47,F,1950-06-17,Online,HK
U_743,Silver,2023-09-17 04:00:24,F,1966-11-13,Online,US
U_744,Bronze,2019-07-30 08:46:12,F,1999-07-03,Campaign,US
U_745,Bronze,2023-03-22 00:27:34,F,1981-03-15,Online,US
U_746,Silver,2023-09-27 22:49:09,F,1964-03-12,Online,HK
U_747,Silver,2023-06-09 13:15:52,F,2002-04-27,Retail,HK
U_748,Gold,2021-12-29 14:30:10,M,1977-06-18,Online,HK
U_749,Silver,2023-12-19 23:38:40,M,1967-02-13,Campaign,HK
U_750,Bronze,2021-02-07 19:51:32,F,1965-05-11,Retail,EU
U_751,Bronze,2022-10-14 04:13:04,M,1956-08-29,Online,HK
U_752,Bronze,2020-02-14 21:40:03,M,1965-01-17,Referral,US
U_753,Gold,2021-02-28 02:48:34,F,1974-07-08,Campaign,HK
U_754,Silver,2022-07-22 15:01:08,M,1967-07-12,Online,US
U_755,Bronze,2021-05-27 23:58:46,M,1978-05-29,Retail,JP
U_756,Silver,2019-08-12 19:15:14,M,1995-10-16,Referral,HK
U_757,Bronze,2020-08-03 20:20:35,M,1988-07-25,Campaign,HK
U_758,Bronze,2023-04-22 16:21:02,F,1976-10-29,Retail,US
U_759,Bronze,2021-01-10 17:02:44,M,1966-03-05,Online,HK
U_760,Gold,2023-07-28 18:59:58,F,1973-04-24,Online,HK
U_761,Gold,2021-05-17 18:47:54,F,1987-03-04,Online,HK
U_762,Gold,2019-08-25 20:22:14,M,1995-04-20,Referral,EU
U_763,Bronze,2023-06-15 21:39:22,F,1982-01-13,Referral,US
U_764,Silver,2020-06-22 23:37:45,F,1979-11-02,Online,US
U_765,Silver,2019-09-05 04:44:05,F,1999-03-12,Retail,HK
U_766,Bronze,2021-08-02 16:13:29,M,1970-03-13,Retail,HK
U_767,Silver,2023-11-15 14:32:51,M,1990-06-22,Retail,JP
U_768,Bronze,2019-11-24 22:24:55,F,1979-08-14,Retail,HK
U_769,Bronze,2023-12-02 22:31:40,F,1995-09-25,Online,HK
U_770,Bronze,2019-10-17 19:17:29,M,2005-11-05,Online,EU
U_771,Bronze,2021-08-21 01:42:51,M,1991-02-14,Retail,HK
U_772,Silver,2019-11-28 19:53:00,M,1950-04-19,Retail,HK
U_773,Bronze,2021-05-20 10:28:50,U,1954-03-08,Online,HK
U_774,Bronze,2020-03-14 16:49:37,M,1985-08-21,Retail,EU
U_775,Bronze,2020-06-29 08:42:04,M,2001-03-09,Retail,HK
U_776,Bronze,2023-04-02 05:06:19,M,1953-06-02,Referral,US
U_777,Bronze,2021-10-27 16:44:26,M,1955-06-24,Online,HK
U_778,Gold,2023-11-30 13:41:26,M,1978-07-15,Online,HK
U_779,Silver,2023-03-09 12:20:38,U,1980-11-21,Online,HK
U_780,Bronze,2023-08-22 00:27:50,F,1999-09-23,Referral,HK
U_781,Silver,2022-12-19 22:58:50,F,1987-10-03,Referral,HK
U_782,Silver,2020-07-03 02:50:59,F,1982-07-28,Retail,HK
U_783,Gold,2019-07-10 13:18:04,F,1991-06-15,Online,HK
U_784,Silver,2021-07-23 12:44:56,M,1999-06-17,Online,HK
U_785,Gold,2021-12-26 13:55:36,M,1981-08-01,Retail,GB
U_786,Gold,2020-07-14 03:04:17,F,1998-03-29,Retail,JP
U_787,Bronze,2019-12-27 16:38:00,F,1974-02-18,Online,HK
U_788,Gold,2023-03-07 00:11:08,F,2000-09-28,Campaign,HK
U_789,Bronze,2023-08-27 07:37:50,F,1950-12-21,Referral,GB
U_790,Bronze,2020-07-13 11:38:17,M,1979-02-11,Campaign,US
U_791,Bronze,2022-08-28 20:32:17,F,1995-03-04,Online,HK
U_792,Bronze,2022-11-21 12:33:03,M,2005-08-08,Referral,HK
U_793,Silver,2021-11-27 05:05:02,M,1964-03-20,Online,HK
U_794,Bronze,2019-11-30 07:35:07,M,1985-05-01,Retail,HK
U_795,Silver,2023-07-02 13:53:17,F,1996-07-28,Online,GB
U_796,Silver,2020-03-01 14:48:34,M,1980-09-22,Online,US
U_797,Silver,2019-11-24 22:43:11,M,1960-01-13,Retail,US
U_798,Bronze,2020-02-24 00:15:29,M,1973-06-05,Online,JP
U_799,Silver,2020-12-13 13:13:15,F,1960-11-19,Campaign,HK
U_800,Silver,2022-07-02 04:03:05,F,1987-04-20,Referral,JP
U_801,Bronze,2020-09-13 21:19:28,F,1961-09-28,Online,EU
U_802,Bronze,2023-01-04 08:46:07,U,1969-02-26,Online,GB
U_803,Gold,2022-11-04 15:54:03,M,1999-10-16,Campaign,US
U_804,Bronze,2020-05-19 03:17:17,F,1957-07-24,Online,HK
U_805,Bronze,2023-12-22 11:25:00,F,1989-04-25,Referral,HK
U_806,Bronze,2021-03-20 18:29:29,M,1950-11-26,Referral,HK
U_807,Bronze,2019-07-02 23:18:26,F,1990-12-13,Online,HK
U_808,Silver,2022-12-07 09:37:17,F,1992-01-28,Online,US
U_809,Bronze,2020-05-08 03:33:10,F,1950-06-21,Online,HK
U_810,Gold,2019-10-06 05:31:15,F,1988-01-02,Online,US
U_811,Gold,2023-03-10 04:36:51,M,1955-07-14,Retail,JP
U_812,Silver,2022-02-25 07:32:26,M,1979-09-06,Retail,HK
U_813,Silver,2021-10-23 14:26:00,F,1978-11-14,Online,HK
U_814,Bronze,2023-01-19 23:55:54,F,1950-03-05,Campaign,US
U_815,Bronze,2021-09-30 05:32:32,M,1984-04-26,Referral,HK
U_816,Bronze,2021-09-25 21:11:19,M,1985-04-18,Retail,HK
U_817,Gold,2019-11-11 03:14:30,F,1971-05-10,Retail,US
U_818,Silver,2020-01-19 04:57:08,F,1955-04-27,Referral,GB
U_819,Silver,2023-02-24 02:27:20,F,1988-12-30,Retail,HK
U_820,Silver,2022-01-02 17:36:02,M,1972-05-28,Online,EU
U_821,Bronze,2021-02-12 11:37:49,F,1999-06-15,Retail,HK
U_822,Silver,2022-06-02 23:08:01,M,2002-08-01,Online,US
U_823,Silver,2021-11-09 09:46:14,F,1954-11-22,Online,HK
U_824,Bronze,2023-01-26 23:27:25,F,1953-06-21,Retail,US
U_825,Bronze,2020-02-02 03:38:14,M,1980-08-05,Retail,HK
U_826,Bronze,2023-05-18 12:40:32,F,1959-03-05,Online,HK
U_827,Gold,2022-04-03 13:00:36,F,1979-02-09,Referral,HK
U_828,Silver,2023-04-04 07:30:12,F,1983-04-01,Retail,HK
U_829,Bronze,2022-04-25 07:24:45,F,1962-10-02,Referral,HK
U_830,Gold,2020-10-07 22:29:15,M,1989-12-07,Online,HK
U_831,Silver,2022-05-12 13:37:47,M,2002-09-12,Online,HK
U_832,Gold,2020-02-29 15:50:56,M,1981-07-25,Online,HK
U_833,Bronze,2021-10-11 18:17:49,M,1987-02-24,Campaign,HK
U_834,Gold,2020-02-06 16:53:53,M,1986-03-17,Online,US
U_835,Bronze,2021-12-25 04:52:22,M,1995-09-21,Online,HK
U_836,Bronze,2023-09-16 20:57:04,F,2004-03-01,Campaign,HK
U_837,Bronze,2021-01-29 18:50:11,F,2005-10-23,Referral,HK
U_838,Bronze,2023-03-13 13:26:06,M,1980-12-13,Online,HK
U_839,Silver,2023-07-29 06:49:29,F,1995-10-25,Retail,US
U_840,Bronze,2021-04-07 18:20:09,F,1969-07-28,Retail,GB
U_841,Silver,2020-11-11 17:41:00,F,1998-07-11,Online,HK
U_842,Bronze,2020-12-21 16:08:41,M,1978-05-26,Online,US
U_843,Bronze,2023-10-11 13:29:43,M,1965-03-13,Retail,US
U_844,Bronze,2020-05-20 02:36:34,M,1980-05-17,Online,HK
U_845,Gold,2023-04-18 15:33:46,M,1976-09-13,Campaign,US
U_846,Bronze,2020-05-05 04:39:55,F,1956-03-05,Online,US
U_847,Silver,2023-08-28 10:08:51,F,1959-02-02,Referral,HK
U_848,Silver,2020-12-02 12:05:26,F,1971-07-27,Online,GB
U_849,Bronze,2019-08-01 22:23:37,F,1971-12-13,Online,HK
U_850,Gold,2022-04-22 14:06:33,M,1976-06-01,Campaign,HK
U_851,Silver,2023-03-14 22:21:50,U,1978-10-23,Online,HK
U_852,Bronze,2023-03-28 08:13:12,F,1951-01-03,Retail,HK
U_853,Silver,2020-11-15 22:17:33,F,1950-08-10,Referral,HK
U_854,Silver,2022-12-21 17:08:38,F,1983-04-30,Online,HK
U_855,Bronze,2020-09-24 21:15:15,F,1958-02-13,Online,GB
U_856,Bronze,2023-12-02 19:34:39,F,1964-02-14,Referral,US
U_857,Silver,2022-12-23 10:35:22,F,1989-12-28,Online,US
U_858,Bronze,2022-01-18 15:44:14,F,1995-09-05,Online,US
U_859,Bronze,2021-05-07 11:55:30,F,1965-02-10,Online,HK
U_860,Silver,2019-10-21 11:16:06,M,1952-06-28,Retail,US
U_861,Silver,2020-11-20 09:24:29,M,1999-02-20,Campaign,HK
U_862,Bronze,2021-02-24 18:00:52,F,1959-04-06,Retail,HK
U_863,Bronze,2021-12-29 01:15:09,M,1964-05-03,Online,HK
U_864,Silver,2020-03-04 11:12:57,F,1985-07-01,Retail,GB
U_865,Bronze,2021-08-30 11:54:05,F,1996-02-14,Campaign,HK
U_866,Gold,2020-03-11 05:15:45,F,1978-05-13,Online,EU
U_867,Bronze,2023-06-10 21:52:47,M,1953-11-02,Retail,HK
U_868,Bronze,2023-11-29 17:53:25,F,1960-11-05,Online,HK
U_869,Silver,2022-06-19 01:22:56,M,1981-03-14,Online,JP
U_870,Bronze,2022-09-21 00:30:37,F,1988-08-17,Online,HK
U_871,Silver,2022-09-22 11:32:06,M,1996-07-21,Online,HK
U_872,Silver,2020-09-04 18:34:28,M,2001-03-01,Online,HK
U_873,Bronze,2023-04-09 10:24:33,F,1966-07-25,Retail,HK
U_874,Bronze,2020-02-03 06:37:31,M,1954-11-20,Retail,US
U_875,Gold,2020-05-21 16:56:51,F,1993-12-11,Referral,HK
U_876,Gold,2021-09-30 08:10:43,F,1961-07-21,Campaign,HK
U_877,Silver,2021-03-12 11:19:16,F,2005-09-10,Online,HK
U_878,Bronze,2020-09-15 07:57:34,U,1966-10-12,Online,HK
U_879,Gold,2020-04-07 07:40:02,M,1997-08-15,Online,HK
U_880,Silver,2022-01-16 22:49:30,M,2001-04-25,Online,HK
U_881,Bronze,2023-11-22 22:35:24,F,1972-04-25,Retail,EU
U_882,Bronze,2023-03-27 01:34:25,M,1962-09-22,Retail,HK
U_883,Bronze,2021-01-14 18:55:58,M,1993-10-13,Online,HK
U_884,Bronze,2022-02-16 09:27:33,F,1964-11-17,Online,HK
U_885,Silver,2020-07-04 13:48:51,M,1953-12-03,Retail,HK
U_886,Gold,2019-09-28 07:17:19,F,1964-05-03,Campaign,HK
U_887,Bronze,2020-05-26 06:08:38,F,2002-02-12,Online,HK
U_888,Bronze,2022-08-25 18:23:50,F,1974-04-01,Retail,US
U_889,Silver,2021-03-25 12:33:04,M,1974-05-09,Online,HK
U_890,Silver,2020-01-11 04:40:32,M,1990-02-21,Online,HK
U_891,Bronze,2023-03-03 04:08:38,M,1976-08-05,Online,HK
U_892,Silver,2020-01-09 04:07:41,M,1996-04-20,Campaign,HK
U_893,Bronze,2022-09-09 07:03:37,F,1978-02-16,Online,HK
U_894,Silver,2020-07-07 11:49:48,F,1998-09-12,Retail,HK
U_895,Bronze,2021-06-12 06:41:22,M,1956-10-08,Referral,JP
U_896,Bronze,2022-03-02 17:37:50,F,2004-06-13,Online,HK
U_897,Silver,2020-01-16 17:43:44,M,1955-01-29,Campaign,HK
U_898,Bronze,2021-06-28 02:48:41,F,1995-03-07,Retail,GB
U_899,Silver,2022-09-07 15:57:10,F,1952-01-27,Campaign,US
U_900,Gold,2022-10-08 14:00:51,F,2002-06-03,Online,HK
